,CD11A,CD123,CD4,CD3
a_AAACCTGCAAGGTGTG-1,0.97058827,0.003925279,0.1512878,0.18132804
a_AAACCTGCAGATGAGC-1,0.9711844,0.010400444,0.30985323,0.25273332
a_AAACCTGGTACCCAAT-1,0.9673389,0.013086557,0.1636891,0.13549381
a_AAACCTGGTCAGATAA-1,0.9135154,0.016292214,0.24198186,0.14959718
a_AAACCTGGTGGTCTCG-1,0.95349115,0.013322011,0.16515034,0.24299589
a_AAACCTGTCGAGAGCA-1,0.93572736,0.020256087,0.24477248,0.22085163
a_AAACCTGTCTGCTGCT-1,0.7339585,0.012546763,0.46544904,0.4640144
a_AAACGGGAGAAGATTC-1,0.98692405,0.015074521,0.115138605,0.11258444
a_AAACGGGAGGTGCTTT-1,0.93072736,0.011984155,0.30074173,0.27132314
a_AAACGGGAGGTGGGTT-1,0.93264055,0.01676993,0.21188669,0.17230381
