,CD11A,CD123,CD4,CD3
a_AAACCTGCAAGGTGTG-1,0.67009085,0.018480137,0.09083859,0.03757395
a_AAACCTGCAGATGAGC-1,0.5874545,0.028745458,0.583522,0.03178999
a_AAACCTGGTACCCAAT-1,0.36501437,0.027137324,0.13725115,0.008054137
a_AAACCTGGTCAGATAA-1,0.44822547,0.0308059,0.107336,0.018775985
a_AAACCTGGTGGTCTCG-1,0.5775356,0.028939247,0.1963988,0.02219452
a_AAACCTGTCGAGAGCA-1,0.5203626,0.035400912,0.11024192,0.021997958
a_AAACCTGTCTGCTGCT-1,0.46894702,0.053522125,0.61986065,0.19914499
a_AAACGGGAGAAGATTC-1,0.6248417,0.014744565,0.09357355,0.013218433
a_AAACGGGAGGTGCTTT-1,0.48015502,0.028405473,0.56556207,0.02535984
a_AAACGGGAGGTGGGTT-1,0.48591182,0.034572363,0.17879856,0.031612992
